{
  "xgb_raw": {
    "auroc": 0.9359657177838996,
    "auprc": 0.4312434237005625,
    "brier": 0.04005010469127933,
    "ks": 0.7717171717171718
  },
  "xgb_calibrated": {
    "auroc": 0.937450260177533,
    "auprc": 0.3750520173541756,
    "brier": 0.024561891423464488,
    "ks": 0.7555555555555555
  }
}